relationship,datatype,X,PARA,boundary
2nd degree kinship,"""42STR CE""",4.11338469,Log[10]~CLR,-7
2nd degree kinship,"""42STR CE""",4.558014825,Log[10]~CLR,-7
2nd degree kinship,"""42STR CE""",-0.422496395,Log[10]~CLR,-7
2nd degree kinship,"""42STR CE""",1.20630521,Log[10]~CLR,-7
2nd degree kinship,"""42STR CE""",1.184504296,Log[10]~CLR,-7
2nd degree kinship,"""42STR CE""",3.585891759,Log[10]~CLR,-7
2nd degree kinship,"""42STR CE""",1.608840385,Log[10]~CLR,-7
2nd degree kinship,"""42STR CE""",3.275164123,Log[10]~CLR,-7
2nd degree kinship,"""42STR CE""",5.007221785,Log[10]~CLR,-7
2nd degree kinship,"""42STR CE""",3.550552327,Log[10]~CLR,-7
2nd degree kinship,"""42STR CE""",6.019846054,Log[10]~CLR,-7
2nd degree kinship,"""42STR CE""",1.500866612,Log[10]~CLR,-7
2nd degree kinship,"""42STR CE""",8.963654702,Log[10]~CLR,-7
2nd degree kinship,"""42STR CE""",1.371131632,Log[10]~CLR,-7
2nd degree kinship,"""42STR CE""",4.574379569,Log[10]~CLR,-7
2nd degree kinship,"""42STR CE""",1.20427411,Log[10]~CLR,-7
2nd degree kinship,"""42STR CE""",1.270973349,Log[10]~CLR,-7
2nd degree kinship,"""42STR CE""",1.78214457,Log[10]~CLR,-7
2nd degree kinship,"""42STR CE""",4.09666964,Log[10]~CLR,-7
2nd degree kinship,"""42STR CE""",1.659075263,Log[10]~CLR,-7
2nd degree kinship,"""42STR CE""",0.958945359,Log[10]~CLR,-7
2nd degree kinship,"""42STR CE""",4.138341183,Log[10]~CLR,-7
2nd degree kinship,"""42STR CE""",0.882969523,Log[10]~CLR,-7
2nd degree kinship,"""42STR CE""",2.740933227,Log[10]~CLR,-7
2nd degree kinship,"""42STR CE""",3.333750266,Log[10]~CLR,-7
2nd degree kinship,"""42STR CE""",1.246753209,Log[10]~CLR,-7
2nd degree kinship,"""42STR CE""",1.926879435,Log[10]~CLR,-7
2nd degree kinship,"""42STR CE""",3.078308435,Log[10]~CLR,-7
2nd degree kinship,"""42STR CE""",3.001902185,Log[10]~CLR,-7
2nd degree kinship,"""42STR CE""",2.876754857,Log[10]~CLR,-7
2nd degree kinship,"""42STR CE""",2.20924988,Log[10]~CLR,-7
2nd degree kinship,"""42STR CE""",1.298593971,Log[10]~CLR,-7
2nd degree kinship,"""42STR CE""",2.348763342,Log[10]~CLR,-7
2nd degree kinship,"""42STR CE""",6.370888038,Log[10]~CLR,-7
2nd degree kinship,"""42STR CE""",3.480572895,Log[10]~CLR,-7
2nd degree kinship,"""42STR CE""",4.768824127,Log[10]~CLR,-7
2nd degree kinship,"""42STR CE""",4.072225806,Log[10]~CLR,-7
2nd degree kinship,"""42STR CE""",4.12969008,Log[10]~CLR,-7
2nd degree kinship,"""42STR CE""",4.410978829,Log[10]~CLR,-7
2nd degree kinship,"""42STR CE""",4.685557817,Log[10]~CLR,-7
2nd degree kinship,"""42STR CE""",0.729223438,Log[10]~CLR,-7
2nd degree kinship,"""42STR CE""",5.536068542,Log[10]~CLR,-7
2nd degree kinship,"""42STR CE""",4.213945549,Log[10]~CLR,-7
2nd degree kinship,"""42STR CE""",2.79362292,Log[10]~CLR,-7
2nd degree kinship,"""42STR CE""",4.119890092,Log[10]~CLR,-7
2nd degree kinship,"""42STR CE""",1.907034267,Log[10]~CLR,-7
2nd degree kinship,"""42STR CE""",3.387887298,Log[10]~CLR,-7
2nd degree kinship,"""42STR CE""",1.479896083,Log[10]~CLR,-7
2nd degree kinship,"""42STR CE""",-1.568260709,Log[10]~CLR,-7
2nd degree kinship,"""42STR CE""",5.138045003,Log[10]~CLR,-7
2nd degree kinship,"""42STR CE""",4.402851258,Log[10]~CLR,-7
2nd degree kinship,"""42STR CE""",0.798701601,Log[10]~CLR,-7
2nd degree kinship,"""42STR CE""",6.217754216,Log[10]~CLR,-7
2nd degree kinship,"""42STR CE""",7.511399166,Log[10]~CLR,-7
2nd degree kinship,"""42STR CE""",3.701120368,Log[10]~CLR,-7
2nd degree kinship,"""42STR CE""",7.507057193,Log[10]~CLR,-7
2nd degree kinship,"""42STR CE""",4.774701444,Log[10]~CLR,-7
2nd degree kinship,"""42STR CE""",4.390065711,Log[10]~CLR,-7
2nd degree kinship,"""42STR CE""",3.80921615,Log[10]~CLR,-7
2nd degree kinship,"""42STR CE""",2.289711182,Log[10]~CLR,-7
2nd degree kinship,"""42STR CE""",1.208584171,Log[10]~CLR,-7
2nd degree kinship,"""42STR CE""",2.372851746,Log[10]~CLR,-7
2nd degree kinship,"""42STR CE""",3.182831421,Log[10]~CLR,-7
2nd degree kinship,"""42STR CE""",3.262569868,Log[10]~CLR,-7
2nd degree kinship,"""42STR CE""",1.109391507,Log[10]~CLR,-7
2nd degree kinship,"""42STR CE""",1.897409016,Log[10]~CLR,-7
2nd degree kinship,"""42STR CE""",2.420330883,Log[10]~CLR,-7
2nd degree kinship,"""42STR CE""",1.946328567,Log[10]~CLR,-7
2nd degree kinship,"""42STR CE""",1.690534037,Log[10]~CLR,-7
2nd degree kinship,"""42STR CE""",6.823118004,Log[10]~CLR,-7
2nd degree kinship,"""42STR CE""",5.779665641,Log[10]~CLR,-7
2nd degree kinship,"""42STR CE""",3.1314735,Log[10]~CLR,-7
2nd degree kinship,"""42STR CE""",5.108232754,Log[10]~CLR,-7
2nd degree kinship,"""42STR CE""",4.487169982,Log[10]~CLR,-7
2nd degree kinship,"""42STR CE""",4.233938537,Log[10]~CLR,-7
2nd degree kinship,"""42STR CE""",0.400193208,Log[10]~CLR,-7
2nd degree kinship,"""42STR CE""",2.496824444,Log[10]~CLR,-7
2nd degree kinship,"""42STR CE""",3.329123529,Log[10]~CLR,-7
2nd degree kinship,"""42STR CE""",5.024529883,Log[10]~CLR,-7
2nd degree kinship,"""42STR CE""",5.827516622,Log[10]~CLR,-7
2nd degree kinship,"""42STR CE""",3.414384759,Log[10]~CLR,-7
2nd degree kinship,"""42STR CE""",3.139084103,Log[10]~CLR,-7
2nd degree kinship,"""42STR CE""",3.983611445,Log[10]~CLR,-7
2nd degree kinship,"""42STR CE""",2.021896424,Log[10]~CLR,-7
2nd degree kinship,"""42STR CE""",2.33282671,Log[10]~CLR,-7
2nd degree kinship,"""42STR CE""",3.801404939,Log[10]~CLR,-7
2nd degree kinship,"""42STR CE""",1.344891637,Log[10]~CLR,-7
2nd degree kinship,"""42STR CE""",1.64214637,Log[10]~CLR,-7
2nd degree kinship,"""42STR CE""",1.346001148,Log[10]~CLR,-7
2nd degree kinship,"""42STR CE""",-0.806022798,Log[10]~CLR,-7
2nd degree kinship,"""42STR CE""",5.026130819,Log[10]~CLR,-7
2nd degree kinship,"""42STR CE""",6.199021757,Log[10]~CLR,-7
2nd degree kinship,"""42STR CE""",3.974966673,Log[10]~CLR,-7
2nd degree kinship,"""42STR CE""",3.136414791,Log[10]~CLR,-7
2nd degree kinship,"""42STR CE""",4.019044631,Log[10]~CLR,-7
2nd degree kinship,"""42STR CE""",3.322565599,Log[10]~CLR,-7
2nd degree kinship,"""42STR CE""",-0.951661365,Log[10]~CLR,-7
2nd degree kinship,"""42STR CE""",1.962053064,Log[10]~CLR,-7
2nd degree kinship,"""42STR CE""",2.357711224,Log[10]~CLR,-7
2nd degree kinship,"""42STR CE""",3.032667514,Log[10]~CLR,-7
2nd degree kinship,"""42STR CE""",6.436412899,Log[10]~CLR,-7
2nd degree kinship,"""42STR CE""",7.318069559,Log[10]~CLR,-7
2nd degree kinship,"""42STR CE""",2.21717326,Log[10]~CLR,-7
2nd degree kinship,"""42STR CE""",4.478699572,Log[10]~CLR,-7
2nd degree kinship,"""42STR CE""",1.872264777,Log[10]~CLR,-7
2nd degree kinship,"""42STR CE""",2.952359814,Log[10]~CLR,-7
2nd degree kinship,"""42STR CE""",6.044188717,Log[10]~CLR,-7
2nd degree kinship,"""42STR CE""",4.052002675,Log[10]~CLR,-7
2nd degree kinship,"""42STR CE""",6.348688419,Log[10]~CLR,-7
2nd degree kinship,"""42STR CE""",1.717037717,Log[10]~CLR,-7
2nd degree kinship,"""42STR CE""",3.073792127,Log[10]~CLR,-7
2nd degree kinship,"""42STR CE""",0.186728765,Log[10]~CLR,-7
2nd degree kinship,"""42STR CE""",-1.014695253,Log[10]~CLR,-7
2nd degree kinship,"""42STR CE""",-1.648786598,Log[10]~CLR,-7
2nd degree kinship,"""42STR CE""",4.36211651,Log[10]~CLR,-7
2nd degree kinship,"""42STR CE""",2.250100398,Log[10]~CLR,-7
2nd degree kinship,"""42STR CE""",4.601570204,Log[10]~CLR,-7
2nd degree kinship,"""42STR CE""",3.362815539,Log[10]~CLR,-7
2nd degree kinship,"""42STR CE""",4.557486009,Log[10]~CLR,-7
2nd degree kinship,"""42STR CE""",5.494410758,Log[10]~CLR,-7
2nd degree kinship,"""42STR CE""",4.845237237,Log[10]~CLR,-7
2nd degree kinship,"""42STR CE""",4.24599926,Log[10]~CLR,-7
2nd degree kinship,"""42STR CE""",3.623234348,Log[10]~CLR,-7
2nd degree kinship,"""42STR CE""",4.868110017,Log[10]~CLR,-7
2nd degree kinship,"""42STR CE""",5.036665965,Log[10]~CLR,-7
2nd degree kinship,"""42STR CE""",3.652106313,Log[10]~CLR,-7
unrelated,"""42STR CE""",-2.517015503,Log[10]~CLR,-7
unrelated,"""42STR CE""",-2.629052301,Log[10]~CLR,-7
unrelated,"""42STR CE""",-2.637774172,Log[10]~CLR,-7
unrelated,"""42STR CE""",-0.373147046,Log[10]~CLR,-7
unrelated,"""42STR CE""",-2.46838475,Log[10]~CLR,-7
unrelated,"""42STR CE""",-1.798145942,Log[10]~CLR,-7
unrelated,"""42STR CE""",-3.678988996,Log[10]~CLR,-7
unrelated,"""42STR CE""",-3.149254384,Log[10]~CLR,-7
unrelated,"""42STR CE""",-1.617196077,Log[10]~CLR,-7
unrelated,"""42STR CE""",-2.596249269,Log[10]~CLR,-7
unrelated,"""42STR CE""",-2.629052301,Log[10]~CLR,-7
unrelated,"""42STR CE""",-0.227372938,Log[10]~CLR,-7
unrelated,"""42STR CE""",-3.709859856,Log[10]~CLR,-7
unrelated,"""42STR CE""",-2.97810046,Log[10]~CLR,-7
unrelated,"""42STR CE""",-2.972468623,Log[10]~CLR,-7
unrelated,"""42STR CE""",-2.732278173,Log[10]~CLR,-7
unrelated,"""42STR CE""",-4.438684701,Log[10]~CLR,-7
unrelated,"""42STR CE""",-3.220559803,Log[10]~CLR,-7
unrelated,"""42STR CE""",-1.826420091,Log[10]~CLR,-7
unrelated,"""42STR CE""",-2.637774172,Log[10]~CLR,-7
unrelated,"""42STR CE""",-0.227372938,Log[10]~CLR,-7
unrelated,"""42STR CE""",-1.782070762,Log[10]~CLR,-7
unrelated,"""42STR CE""",-3.45987124,Log[10]~CLR,-7
unrelated,"""42STR CE""",-0.702553748,Log[10]~CLR,-7
unrelated,"""42STR CE""",-1.721952746,Log[10]~CLR,-7
unrelated,"""42STR CE""",-3.169578116,Log[10]~CLR,-7
unrelated,"""42STR CE""",-3.985333851,Log[10]~CLR,-7
unrelated,"""42STR CE""",-4.773510147,Log[10]~CLR,-7
unrelated,"""42STR CE""",-0.373147046,Log[10]~CLR,-7
unrelated,"""42STR CE""",-3.709859856,Log[10]~CLR,-7
unrelated,"""42STR CE""",-1.782070762,Log[10]~CLR,-7
unrelated,"""42STR CE""",-1.538040265,Log[10]~CLR,-7
unrelated,"""42STR CE""",-0.412854905,Log[10]~CLR,-7
unrelated,"""42STR CE""",-3.358826761,Log[10]~CLR,-7
unrelated,"""42STR CE""",-3.144290892,Log[10]~CLR,-7
unrelated,"""42STR CE""",-2.952285829,Log[10]~CLR,-7
unrelated,"""42STR CE""",-2.540835837,Log[10]~CLR,-7
unrelated,"""42STR CE""",-2.46838475,Log[10]~CLR,-7
unrelated,"""42STR CE""",-2.97810046,Log[10]~CLR,-7
unrelated,"""42STR CE""",-3.45987124,Log[10]~CLR,-7
unrelated,"""42STR CE""",-1.538040265,Log[10]~CLR,-7
unrelated,"""42STR CE""",-0.401813006,Log[10]~CLR,-7
unrelated,"""42STR CE""",-5.256007721,Log[10]~CLR,-7
unrelated,"""42STR CE""",-3.741221012,Log[10]~CLR,-7
unrelated,"""42STR CE""",-4.899578631,Log[10]~CLR,-7
unrelated,"""42STR CE""",-2.92450937,Log[10]~CLR,-7
unrelated,"""42STR CE""",-1.798145942,Log[10]~CLR,-7
unrelated,"""42STR CE""",-2.972468623,Log[10]~CLR,-7
unrelated,"""42STR CE""",-0.702553748,Log[10]~CLR,-7
unrelated,"""42STR CE""",-0.412854905,Log[10]~CLR,-7
unrelated,"""42STR CE""",-0.401813006,Log[10]~CLR,-7
unrelated,"""42STR CE""",-1.414425979,Log[10]~CLR,-7
unrelated,"""42STR CE""",-1.763685088,Log[10]~CLR,-7
unrelated,"""42STR CE""",-2.729822376,Log[10]~CLR,-7
unrelated,"""42STR CE""",-2.181373371,Log[10]~CLR,-7
unrelated,"""42STR CE""",-3.678988996,Log[10]~CLR,-7
unrelated,"""42STR CE""",-2.732278173,Log[10]~CLR,-7
unrelated,"""42STR CE""",-1.721952746,Log[10]~CLR,-7
unrelated,"""42STR CE""",-3.358826761,Log[10]~CLR,-7
unrelated,"""42STR CE""",-5.256007721,Log[10]~CLR,-7
unrelated,"""42STR CE""",-1.414425979,Log[10]~CLR,-7
unrelated,"""42STR CE""",-0.942421137,Log[10]~CLR,-7
unrelated,"""42STR CE""",-2.73653674,Log[10]~CLR,-7
unrelated,"""42STR CE""",-3.350391205,Log[10]~CLR,-7
unrelated,"""42STR CE""",-3.149254384,Log[10]~CLR,-7
unrelated,"""42STR CE""",-4.438684701,Log[10]~CLR,-7
unrelated,"""42STR CE""",-3.169578116,Log[10]~CLR,-7
unrelated,"""42STR CE""",-3.144290892,Log[10]~CLR,-7
unrelated,"""42STR CE""",-3.741221012,Log[10]~CLR,-7
unrelated,"""42STR CE""",-1.763685088,Log[10]~CLR,-7
unrelated,"""42STR CE""",-0.942421137,Log[10]~CLR,-7
unrelated,"""42STR CE""",0.469493557,Log[10]~CLR,-7
unrelated,"""42STR CE""",-2.807825191,Log[10]~CLR,-7
unrelated,"""42STR CE""",-1.617196077,Log[10]~CLR,-7
unrelated,"""42STR CE""",-3.220559803,Log[10]~CLR,-7
unrelated,"""42STR CE""",-3.985333851,Log[10]~CLR,-7
unrelated,"""42STR CE""",-2.952285829,Log[10]~CLR,-7
unrelated,"""42STR CE""",-4.899578631,Log[10]~CLR,-7
unrelated,"""42STR CE""",-2.729822376,Log[10]~CLR,-7
unrelated,"""42STR CE""",-2.73653674,Log[10]~CLR,-7
unrelated,"""42STR CE""",0.469493557,Log[10]~CLR,-7
unrelated,"""42STR CE""",-1.404123142,Log[10]~CLR,-7
unrelated,"""42STR CE""",-4.448089152,Log[10]~CLR,-7
unrelated,"""42STR CE""",-4.771475308,Log[10]~CLR,-7
unrelated,"""42STR CE""",-0.827532914,Log[10]~CLR,-7
unrelated,"""42STR CE""",-0.981543342,Log[10]~CLR,-7
unrelated,"""42STR CE""",-2.056369889,Log[10]~CLR,-7
unrelated,"""42STR CE""",-5.848696535,Log[10]~CLR,-7
unrelated,"""42STR CE""",-2.899176716,Log[10]~CLR,-7
unrelated,"""42STR CE""",-1.2682603,Log[10]~CLR,-7
unrelated,"""42STR CE""",-4.448089152,Log[10]~CLR,-7
unrelated,"""42STR CE""",-4.004546734,Log[10]~CLR,-7
unrelated,"""42STR CE""",-2.128502844,Log[10]~CLR,-7
unrelated,"""42STR CE""",-4.802671946,Log[10]~CLR,-7
unrelated,"""42STR CE""",-3.815645732,Log[10]~CLR,-7
unrelated,"""42STR CE""",-2.636737113,Log[10]~CLR,-7
unrelated,"""42STR CE""",-1.380857833,Log[10]~CLR,-7
unrelated,"""42STR CE""",-3.267201933,Log[10]~CLR,-7
unrelated,"""42STR CE""",-4.771475308,Log[10]~CLR,-7
unrelated,"""42STR CE""",-4.004546734,Log[10]~CLR,-7
unrelated,"""42STR CE""",-4.048117969,Log[10]~CLR,-7
unrelated,"""42STR CE""",-2.726665178,Log[10]~CLR,-7
unrelated,"""42STR CE""",-5.547688918,Log[10]~CLR,-7
unrelated,"""42STR CE""",0.758758372,Log[10]~CLR,-7
unrelated,"""42STR CE""",-1.757861209,Log[10]~CLR,-7
unrelated,"""42STR CE""",-2.288171339,Log[10]~CLR,-7
unrelated,"""42STR CE""",-0.827532914,Log[10]~CLR,-7
unrelated,"""42STR CE""",-2.128502844,Log[10]~CLR,-7
unrelated,"""42STR CE""",-4.048117969,Log[10]~CLR,-7
unrelated,"""42STR CE""",-3.467822046,Log[10]~CLR,-7
unrelated,"""42STR CE""",-5.559539949,Log[10]~CLR,-7
unrelated,"""42STR CE""",-3.350972217,Log[10]~CLR,-7
unrelated,"""42STR CE""",-4.127277736,Log[10]~CLR,-7
unrelated,"""42STR CE""",-4.153697957,Log[10]~CLR,-7
unrelated,"""42STR CE""",-0.981543342,Log[10]~CLR,-7
unrelated,"""42STR CE""",-4.802671946,Log[10]~CLR,-7
unrelated,"""42STR CE""",-2.726665178,Log[10]~CLR,-7
unrelated,"""42STR CE""",-3.467822046,Log[10]~CLR,-7
unrelated,"""42STR CE""",-3.811387182,Log[10]~CLR,-7
unrelated,"""42STR CE""",-5.251837897,Log[10]~CLR,-7
unrelated,"""42STR CE""",-2.636031927,Log[10]~CLR,-7
unrelated,"""42STR CE""",0.937771249,Log[10]~CLR,-7
unrelated,"""42STR CE""",-2.056369889,Log[10]~CLR,-7
unrelated,"""42STR CE""",-3.815645732,Log[10]~CLR,-7
unrelated,"""42STR CE""",-5.547688918,Log[10]~CLR,-7
unrelated,"""42STR CE""",-1.121684451,Log[10]~CLR,-7
2nd degree kinship,"""42STR NGS""",7.29672502,Log[10]~CLR,-7
2nd degree kinship,"""42STR NGS""",5.4660862,Log[10]~CLR,-7
2nd degree kinship,"""42STR NGS""",-0.867647358,Log[10]~CLR,-7
2nd degree kinship,"""42STR NGS""",3.428646916,Log[10]~CLR,-7
2nd degree kinship,"""42STR NGS""",2.2446876,Log[10]~CLR,-7
2nd degree kinship,"""42STR NGS""",5.77753862,Log[10]~CLR,-7
2nd degree kinship,"""42STR NGS""",3.246553609,Log[10]~CLR,-7
2nd degree kinship,"""42STR NGS""",3.364794936,Log[10]~CLR,-7
2nd degree kinship,"""42STR NGS""",5.372146571,Log[10]~CLR,-7
2nd degree kinship,"""42STR NGS""",0.491920225,Log[10]~CLR,-7
2nd degree kinship,"""42STR NGS""",6.560506962,Log[10]~CLR,-7
2nd degree kinship,"""42STR NGS""",0.230785105,Log[10]~CLR,-7
2nd degree kinship,"""42STR NGS""",7.624745307,Log[10]~CLR,-7
2nd degree kinship,"""42STR NGS""",1.995521708,Log[10]~CLR,-7
2nd degree kinship,"""42STR NGS""",3.984160196,Log[10]~CLR,-7
2nd degree kinship,"""42STR NGS""",0.713249528,Log[10]~CLR,-7
2nd degree kinship,"""42STR NGS""",0.753702494,Log[10]~CLR,-7
2nd degree kinship,"""42STR NGS""",2.009330048,Log[10]~CLR,-7
2nd degree kinship,"""42STR NGS""",5.765007228,Log[10]~CLR,-7
2nd degree kinship,"""42STR NGS""",0.796860811,Log[10]~CLR,-7
2nd degree kinship,"""42STR NGS""",2.941206118,Log[10]~CLR,-7
2nd degree kinship,"""42STR NGS""",6.253677507,Log[10]~CLR,-7
2nd degree kinship,"""42STR NGS""",1.301353402,Log[10]~CLR,-7
2nd degree kinship,"""42STR NGS""",4.595777242,Log[10]~CLR,-7
2nd degree kinship,"""42STR NGS""",3.73207189,Log[10]~CLR,-7
2nd degree kinship,"""42STR NGS""",4.397684154,Log[10]~CLR,-7
2nd degree kinship,"""42STR NGS""",0.861209794,Log[10]~CLR,-7
2nd degree kinship,"""42STR NGS""",2.579992849,Log[10]~CLR,-7
2nd degree kinship,"""42STR NGS""",3.379656097,Log[10]~CLR,-7
2nd degree kinship,"""42STR NGS""",3.091982039,Log[10]~CLR,-7
2nd degree kinship,"""42STR NGS""",3.575163986,Log[10]~CLR,-7
2nd degree kinship,"""42STR NGS""",0.498215211,Log[10]~CLR,-7
2nd degree kinship,"""42STR NGS""",3.340219892,Log[10]~CLR,-7
2nd degree kinship,"""42STR NGS""",6.880177719,Log[10]~CLR,-7
2nd degree kinship,"""42STR NGS""",3.430371583,Log[10]~CLR,-7
2nd degree kinship,"""42STR NGS""",4.977323559,Log[10]~CLR,-7
2nd degree kinship,"""42STR NGS""",4.302986705,Log[10]~CLR,-7
2nd degree kinship,"""42STR NGS""",4.418797927,Log[10]~CLR,-7
2nd degree kinship,"""42STR NGS""",5.617930905,Log[10]~CLR,-7
2nd degree kinship,"""42STR NGS""",2.882309117,Log[10]~CLR,-7
2nd degree kinship,"""42STR NGS""",0.373768281,Log[10]~CLR,-7
2nd degree kinship,"""42STR NGS""",5.700828804,Log[10]~CLR,-7
2nd degree kinship,"""42STR NGS""",4.472226169,Log[10]~CLR,-7
2nd degree kinship,"""42STR NGS""",1.909174637,Log[10]~CLR,-7
2nd degree kinship,"""42STR NGS""",5.495277851,Log[10]~CLR,-7
2nd degree kinship,"""42STR NGS""",1.655696633,Log[10]~CLR,-7
2nd degree kinship,"""42STR NGS""",7.029891028,Log[10]~CLR,-7
2nd degree kinship,"""42STR NGS""",2.298494858,Log[10]~CLR,-7
2nd degree kinship,"""42STR NGS""",-2.457449642,Log[10]~CLR,-7
2nd degree kinship,"""42STR NGS""",5.677886592,Log[10]~CLR,-7
2nd degree kinship,"""42STR NGS""",4.940779194,Log[10]~CLR,-7
2nd degree kinship,"""42STR NGS""",1.862632398,Log[10]~CLR,-7
2nd degree kinship,"""42STR NGS""",7.789050678,Log[10]~CLR,-7
2nd degree kinship,"""42STR NGS""",8.894277124,Log[10]~CLR,-7
2nd degree kinship,"""42STR NGS""",2.459805809,Log[10]~CLR,-7
2nd degree kinship,"""42STR NGS""",4.843293574,Log[10]~CLR,-7
2nd degree kinship,"""42STR NGS""",9.015954012,Log[10]~CLR,-7
2nd degree kinship,"""42STR NGS""",5.761137799,Log[10]~CLR,-7
2nd degree kinship,"""42STR NGS""",4.838023481,Log[10]~CLR,-7
2nd degree kinship,"""42STR NGS""",3.96185914,Log[10]~CLR,-7
2nd degree kinship,"""42STR NGS""",3.424048495,Log[10]~CLR,-7
2nd degree kinship,"""42STR NGS""",3.334129695,Log[10]~CLR,-7
2nd degree kinship,"""42STR NGS""",7.37476527,Log[10]~CLR,-7
2nd degree kinship,"""42STR NGS""",6.135178667,Log[10]~CLR,-7
2nd degree kinship,"""42STR NGS""",1.940724628,Log[10]~CLR,-7
2nd degree kinship,"""42STR NGS""",1.290496701,Log[10]~CLR,-7
2nd degree kinship,"""42STR NGS""",1.823256524,Log[10]~CLR,-7
2nd degree kinship,"""42STR NGS""",4.481650805,Log[10]~CLR,-7
2nd degree kinship,"""42STR NGS""",3.161238679,Log[10]~CLR,-7
2nd degree kinship,"""42STR NGS""",5.539808949,Log[10]~CLR,-7
2nd degree kinship,"""42STR NGS""",6.076230693,Log[10]~CLR,-7
2nd degree kinship,"""42STR NGS""",3.353978694,Log[10]~CLR,-7
2nd degree kinship,"""42STR NGS""",6.506284495,Log[10]~CLR,-7
2nd degree kinship,"""42STR NGS""",6.148904888,Log[10]~CLR,-7
2nd degree kinship,"""42STR NGS""",3.884961525,Log[10]~CLR,-7
2nd degree kinship,"""42STR NGS""",1.88826191,Log[10]~CLR,-7
2nd degree kinship,"""42STR NGS""",2.745844996,Log[10]~CLR,-7
2nd degree kinship,"""42STR NGS""",4.609115803,Log[10]~CLR,-7
2nd degree kinship,"""42STR NGS""",3.033853021,Log[10]~CLR,-7
2nd degree kinship,"""42STR NGS""",5.000889246,Log[10]~CLR,-7
2nd degree kinship,"""42STR NGS""",3.072513454,Log[10]~CLR,-7
2nd degree kinship,"""42STR NGS""",2.485283467,Log[10]~CLR,-7
2nd degree kinship,"""42STR NGS""",4.51232282,Log[10]~CLR,-7
2nd degree kinship,"""42STR NGS""",2.188062926,Log[10]~CLR,-7
2nd degree kinship,"""42STR NGS""",3.064875832,Log[10]~CLR,-7
2nd degree kinship,"""42STR NGS""",3.025651192,Log[10]~CLR,-7
2nd degree kinship,"""42STR NGS""",1.289331407,Log[10]~CLR,-7
2nd degree kinship,"""42STR NGS""",1.736727368,Log[10]~CLR,-7
2nd degree kinship,"""42STR NGS""",4.712369022,Log[10]~CLR,-7
2nd degree kinship,"""42STR NGS""",-0.996643967,Log[10]~CLR,-7
2nd degree kinship,"""42STR NGS""",8.20910313,Log[10]~CLR,-7
2nd degree kinship,"""42STR NGS""",8.237271529,Log[10]~CLR,-7
2nd degree kinship,"""42STR NGS""",6.726547779,Log[10]~CLR,-7
2nd degree kinship,"""42STR NGS""",3.018630525,Log[10]~CLR,-7
2nd degree kinship,"""42STR NGS""",7.261074172,Log[10]~CLR,-7
2nd degree kinship,"""42STR NGS""",7.063172599,Log[10]~CLR,-7
2nd degree kinship,"""42STR NGS""",-1.427507377,Log[10]~CLR,-7
2nd degree kinship,"""42STR NGS""",3.437441214,Log[10]~CLR,-7
2nd degree kinship,"""42STR NGS""",4.307899621,Log[10]~CLR,-7
2nd degree kinship,"""42STR NGS""",4.789871608,Log[10]~CLR,-7
2nd degree kinship,"""42STR NGS""",6.599903782,Log[10]~CLR,-7
2nd degree kinship,"""42STR NGS""",6.642919675,Log[10]~CLR,-7
2nd degree kinship,"""42STR NGS""",4.260926124,Log[10]~CLR,-7
2nd degree kinship,"""42STR NGS""",2.757171394,Log[10]~CLR,-7
2nd degree kinship,"""42STR NGS""",5.301403602,Log[10]~CLR,-7
2nd degree kinship,"""42STR NGS""",2.982204038,Log[10]~CLR,-7
2nd degree kinship,"""42STR NGS""",9.250085719,Log[10]~CLR,-7
2nd degree kinship,"""42STR NGS""",4.85650095,Log[10]~CLR,-7
2nd degree kinship,"""42STR NGS""",5.5774158,Log[10]~CLR,-7
2nd degree kinship,"""42STR NGS""",2.851027604,Log[10]~CLR,-7
2nd degree kinship,"""42STR NGS""",6.761590113,Log[10]~CLR,-7
2nd degree kinship,"""42STR NGS""",1.217578886,Log[10]~CLR,-7
2nd degree kinship,"""42STR NGS""",2.607157996,Log[10]~CLR,-7
2nd degree kinship,"""42STR NGS""",-1.103313253,Log[10]~CLR,-7
2nd degree kinship,"""42STR NGS""",3.643672425,Log[10]~CLR,-7
2nd degree kinship,"""42STR NGS""",2.784787655,Log[10]~CLR,-7
2nd degree kinship,"""42STR NGS""",3.677910943,Log[10]~CLR,-7
2nd degree kinship,"""42STR NGS""",2.967178849,Log[10]~CLR,-7
2nd degree kinship,"""42STR NGS""",5.476336041,Log[10]~CLR,-7
2nd degree kinship,"""42STR NGS""",4.076063838,Log[10]~CLR,-7
2nd degree kinship,"""42STR NGS""",4.776431133,Log[10]~CLR,-7
2nd degree kinship,"""42STR NGS""",3.758534291,Log[10]~CLR,-7
2nd degree kinship,"""42STR NGS""",3.619741594,Log[10]~CLR,-7
2nd degree kinship,"""42STR NGS""",4.959104407,Log[10]~CLR,-7
2nd degree kinship,"""42STR NGS""",3.917544731,Log[10]~CLR,-7
2nd degree kinship,"""42STR NGS""",3.246769699,Log[10]~CLR,-7
unrelated,"""42STR NGS""",-3.270210455,Log[10]~CLR,-7
unrelated,"""42STR NGS""",-2.071681837,Log[10]~CLR,-7
unrelated,"""42STR NGS""",-3.275357598,Log[10]~CLR,-7
unrelated,"""42STR NGS""",-0.192726336,Log[10]~CLR,-7
unrelated,"""42STR NGS""",-3.230991534,Log[10]~CLR,-7
unrelated,"""42STR NGS""",-2.417838367,Log[10]~CLR,-7
unrelated,"""42STR NGS""",-3.827654286,Log[10]~CLR,-7
unrelated,"""42STR NGS""",-5.927248858,Log[10]~CLR,-7
unrelated,"""42STR NGS""",-2.115107116,Log[10]~CLR,-7
unrelated,"""42STR NGS""",-2.712946706,Log[10]~CLR,-7
unrelated,"""42STR NGS""",-2.071681837,Log[10]~CLR,-7
unrelated,"""42STR NGS""",-2.733498391,Log[10]~CLR,-7
unrelated,"""42STR NGS""",-5.588575603,Log[10]~CLR,-7
unrelated,"""42STR NGS""",-3.413485029,Log[10]~CLR,-7
unrelated,"""42STR NGS""",-3.206193083,Log[10]~CLR,-7
unrelated,"""42STR NGS""",-3.469188831,Log[10]~CLR,-7
unrelated,"""42STR NGS""",-5.529968619,Log[10]~CLR,-7
unrelated,"""42STR NGS""",-5.159877613,Log[10]~CLR,-7
unrelated,"""42STR NGS""",-2.750879944,Log[10]~CLR,-7
unrelated,"""42STR NGS""",-3.275357598,Log[10]~CLR,-7
unrelated,"""42STR NGS""",-2.733498391,Log[10]~CLR,-7
unrelated,"""42STR NGS""",-3.171374038,Log[10]~CLR,-7
unrelated,"""42STR NGS""",-3.250822785,Log[10]~CLR,-7
unrelated,"""42STR NGS""",-2.554829596,Log[10]~CLR,-7
unrelated,"""42STR NGS""",-1.236889921,Log[10]~CLR,-7
unrelated,"""42STR NGS""",-2.508650369,Log[10]~CLR,-7
unrelated,"""42STR NGS""",-3.925466435,Log[10]~CLR,-7
unrelated,"""42STR NGS""",-6.543820042,Log[10]~CLR,-7
unrelated,"""42STR NGS""",-0.192726336,Log[10]~CLR,-7
unrelated,"""42STR NGS""",-5.588575603,Log[10]~CLR,-7
unrelated,"""42STR NGS""",-3.171374038,Log[10]~CLR,-7
unrelated,"""42STR NGS""",-3.0313039,Log[10]~CLR,-7
unrelated,"""42STR NGS""",-0.980050745,Log[10]~CLR,-7
unrelated,"""42STR NGS""",-5.033051246,Log[10]~CLR,-7
unrelated,"""42STR NGS""",-4.557407365,Log[10]~CLR,-7
unrelated,"""42STR NGS""",-3.792511029,Log[10]~CLR,-7
unrelated,"""42STR NGS""",-4.309986083,Log[10]~CLR,-7
unrelated,"""42STR NGS""",-3.230991534,Log[10]~CLR,-7
unrelated,"""42STR NGS""",-3.413485029,Log[10]~CLR,-7
unrelated,"""42STR NGS""",-3.250822785,Log[10]~CLR,-7
unrelated,"""42STR NGS""",-3.0313039,Log[10]~CLR,-7
unrelated,"""42STR NGS""",-1.738768795,Log[10]~CLR,-7
unrelated,"""42STR NGS""",-4.781624558,Log[10]~CLR,-7
unrelated,"""42STR NGS""",-4.89429812,Log[10]~CLR,-7
unrelated,"""42STR NGS""",-4.746987889,Log[10]~CLR,-7
unrelated,"""42STR NGS""",-4.494326454,Log[10]~CLR,-7
unrelated,"""42STR NGS""",-2.417838367,Log[10]~CLR,-7
unrelated,"""42STR NGS""",-3.206193083,Log[10]~CLR,-7
unrelated,"""42STR NGS""",-2.554829596,Log[10]~CLR,-7
unrelated,"""42STR NGS""",-0.980050745,Log[10]~CLR,-7
unrelated,"""42STR NGS""",-1.738768795,Log[10]~CLR,-7
unrelated,"""42STR NGS""",-2.692722285,Log[10]~CLR,-7
unrelated,"""42STR NGS""",-0.619547131,Log[10]~CLR,-7
unrelated,"""42STR NGS""",-2.80162157,Log[10]~CLR,-7
unrelated,"""42STR NGS""",-2.211399925,Log[10]~CLR,-7
unrelated,"""42STR NGS""",-3.827654286,Log[10]~CLR,-7
unrelated,"""42STR NGS""",-3.469188831,Log[10]~CLR,-7
unrelated,"""42STR NGS""",-1.236889921,Log[10]~CLR,-7
unrelated,"""42STR NGS""",-5.033051246,Log[10]~CLR,-7
unrelated,"""42STR NGS""",-4.781624558,Log[10]~CLR,-7
unrelated,"""42STR NGS""",-2.692722285,Log[10]~CLR,-7
unrelated,"""42STR NGS""",-0.037768276,Log[10]~CLR,-7
unrelated,"""42STR NGS""",-3.538865993,Log[10]~CLR,-7
unrelated,"""42STR NGS""",-2.211033812,Log[10]~CLR,-7
unrelated,"""42STR NGS""",-5.927248858,Log[10]~CLR,-7
unrelated,"""42STR NGS""",-5.529968619,Log[10]~CLR,-7
unrelated,"""42STR NGS""",-2.508650369,Log[10]~CLR,-7
unrelated,"""42STR NGS""",-4.557407365,Log[10]~CLR,-7
unrelated,"""42STR NGS""",-4.89429812,Log[10]~CLR,-7
unrelated,"""42STR NGS""",-0.619547131,Log[10]~CLR,-7
unrelated,"""42STR NGS""",-0.037768276,Log[10]~CLR,-7
unrelated,"""42STR NGS""",-1.403240566,Log[10]~CLR,-7
unrelated,"""42STR NGS""",-4.151204494,Log[10]~CLR,-7
unrelated,"""42STR NGS""",-2.115107116,Log[10]~CLR,-7
unrelated,"""42STR NGS""",-5.159877613,Log[10]~CLR,-7
unrelated,"""42STR NGS""",-3.925466435,Log[10]~CLR,-7
unrelated,"""42STR NGS""",-3.792511029,Log[10]~CLR,-7
unrelated,"""42STR NGS""",-4.746987889,Log[10]~CLR,-7
unrelated,"""42STR NGS""",-2.80162157,Log[10]~CLR,-7
unrelated,"""42STR NGS""",-3.538865993,Log[10]~CLR,-7
unrelated,"""42STR NGS""",-1.403240566,Log[10]~CLR,-7
unrelated,"""42STR NGS""",-2.440113493,Log[10]~CLR,-7
unrelated,"""42STR NGS""",-5.679432097,Log[10]~CLR,-7
unrelated,"""42STR NGS""",-5.390429852,Log[10]~CLR,-7
unrelated,"""42STR NGS""",-0.333629976,Log[10]~CLR,-7
unrelated,"""42STR NGS""",-1.686134043,Log[10]~CLR,-7
unrelated,"""42STR NGS""",-2.008231323,Log[10]~CLR,-7
unrelated,"""42STR NGS""",-5.077821713,Log[10]~CLR,-7
unrelated,"""42STR NGS""",-3.405320214,Log[10]~CLR,-7
unrelated,"""42STR NGS""",-0.674219226,Log[10]~CLR,-7
unrelated,"""42STR NGS""",-5.679432097,Log[10]~CLR,-7
unrelated,"""42STR NGS""",-2.228654135,Log[10]~CLR,-7
unrelated,"""42STR NGS""",-3.000543127,Log[10]~CLR,-7
unrelated,"""42STR NGS""",-4.297319144,Log[10]~CLR,-7
unrelated,"""42STR NGS""",-2.900341094,Log[10]~CLR,-7
unrelated,"""42STR NGS""",-4.066810631,Log[10]~CLR,-7
unrelated,"""42STR NGS""",-1.885951167,Log[10]~CLR,-7
unrelated,"""42STR NGS""",-3.665526047,Log[10]~CLR,-7
unrelated,"""42STR NGS""",-5.390429852,Log[10]~CLR,-7
unrelated,"""42STR NGS""",-2.228654135,Log[10]~CLR,-7
unrelated,"""42STR NGS""",-5.640640123,Log[10]~CLR,-7
unrelated,"""42STR NGS""",-2.861932732,Log[10]~CLR,-7
unrelated,"""42STR NGS""",-5.606867624,Log[10]~CLR,-7
unrelated,"""42STR NGS""",-0.08077789,Log[10]~CLR,-7
unrelated,"""42STR NGS""",-1.592063688,Log[10]~CLR,-7
unrelated,"""42STR NGS""",-3.615990538,Log[10]~CLR,-7
unrelated,"""42STR NGS""",-0.333629976,Log[10]~CLR,-7
unrelated,"""42STR NGS""",-3.000543127,Log[10]~CLR,-7
unrelated,"""42STR NGS""",-5.640640123,Log[10]~CLR,-7
unrelated,"""42STR NGS""",-5.577085605,Log[10]~CLR,-7
unrelated,"""42STR NGS""",-5.908865203,Log[10]~CLR,-7
unrelated,"""42STR NGS""",-4.315750077,Log[10]~CLR,-7
unrelated,"""42STR NGS""",-3.55209922,Log[10]~CLR,-7
unrelated,"""42STR NGS""",-4.100576206,Log[10]~CLR,-7
unrelated,"""42STR NGS""",-1.686134043,Log[10]~CLR,-7
unrelated,"""42STR NGS""",-4.297319144,Log[10]~CLR,-7
unrelated,"""42STR NGS""",-2.861932732,Log[10]~CLR,-7
unrelated,"""42STR NGS""",-5.577085605,Log[10]~CLR,-7
unrelated,"""42STR NGS""",-4.107726275,Log[10]~CLR,-7
unrelated,"""42STR NGS""",-5.659057482,Log[10]~CLR,-7
unrelated,"""42STR NGS""",-2.546185967,Log[10]~CLR,-7
unrelated,"""42STR NGS""",0.156637766,Log[10]~CLR,-7
unrelated,"""42STR NGS""",-2.008231323,Log[10]~CLR,-7
unrelated,"""42STR NGS""",-2.900341094,Log[10]~CLR,-7
unrelated,"""42STR NGS""",-5.606867624,Log[10]~CLR,-7
unrelated,"""42STR NGS""",-5.908865203,Log[10]~CLR,-7
2nd degree kinship,"""42STR CE""",37,IBS,-13.5
2nd degree kinship,"""42STR CE""",40,IBS,-13.5
2nd degree kinship,"""42STR CE""",33,IBS,-13.5
2nd degree kinship,"""42STR CE""",36,IBS,-13.5
2nd degree kinship,"""42STR CE""",37,IBS,-13.5
2nd degree kinship,"""42STR CE""",37,IBS,-13.5
2nd degree kinship,"""42STR CE""",35,IBS,-13.5
2nd degree kinship,"""42STR CE""",33,IBS,-13.5
2nd degree kinship,"""42STR CE""",42,IBS,-13.5
2nd degree kinship,"""42STR CE""",36,IBS,-13.5
2nd degree kinship,"""42STR CE""",46,IBS,-13.5
2nd degree kinship,"""42STR CE""",35,IBS,-13.5
2nd degree kinship,"""42STR CE""",43,IBS,-13.5
2nd degree kinship,"""42STR CE""",33,IBS,-13.5
2nd degree kinship,"""42STR CE""",41,IBS,-13.5
2nd degree kinship,"""42STR CE""",38,IBS,-13.5
2nd degree kinship,"""42STR CE""",35,IBS,-13.5
2nd degree kinship,"""42STR CE""",37,IBS,-13.5
2nd degree kinship,"""42STR CE""",39,IBS,-13.5
2nd degree kinship,"""42STR CE""",38,IBS,-13.5
2nd degree kinship,"""42STR CE""",35,IBS,-13.5
2nd degree kinship,"""42STR CE""",41,IBS,-13.5
2nd degree kinship,"""42STR CE""",35,IBS,-13.5
2nd degree kinship,"""42STR CE""",38,IBS,-13.5
2nd degree kinship,"""42STR CE""",37,IBS,-13.5
2nd degree kinship,"""42STR CE""",39,IBS,-13.5
2nd degree kinship,"""42STR CE""",36,IBS,-13.5
2nd degree kinship,"""42STR CE""",42,IBS,-13.5
2nd degree kinship,"""42STR CE""",38,IBS,-13.5
2nd degree kinship,"""42STR CE""",41,IBS,-13.5
2nd degree kinship,"""42STR CE""",38,IBS,-13.5
2nd degree kinship,"""42STR CE""",32,IBS,-13.5
2nd degree kinship,"""42STR CE""",36,IBS,-13.5
2nd degree kinship,"""42STR CE""",43,IBS,-13.5
2nd degree kinship,"""42STR CE""",40,IBS,-13.5
2nd degree kinship,"""42STR CE""",42,IBS,-13.5
2nd degree kinship,"""42STR CE""",41,IBS,-13.5
2nd degree kinship,"""42STR CE""",42,IBS,-13.5
2nd degree kinship,"""42STR CE""",40,IBS,-13.5
2nd degree kinship,"""42STR CE""",44,IBS,-13.5
2nd degree kinship,"""42STR CE""",36,IBS,-13.5
2nd degree kinship,"""42STR CE""",44,IBS,-13.5
2nd degree kinship,"""42STR CE""",43,IBS,-13.5
2nd degree kinship,"""42STR CE""",40,IBS,-13.5
2nd degree kinship,"""42STR CE""",37,IBS,-13.5
2nd degree kinship,"""42STR CE""",39,IBS,-13.5
2nd degree kinship,"""42STR CE""",37,IBS,-13.5
2nd degree kinship,"""42STR CE""",35,IBS,-13.5
2nd degree kinship,"""42STR CE""",25,IBS,-13.5
2nd degree kinship,"""42STR CE""",43,IBS,-13.5
2nd degree kinship,"""42STR CE""",39,IBS,-13.5
2nd degree kinship,"""42STR CE""",33,IBS,-13.5
2nd degree kinship,"""42STR CE""",39,IBS,-13.5
2nd degree kinship,"""42STR CE""",43,IBS,-13.5
2nd degree kinship,"""42STR CE""",32,IBS,-13.5
2nd degree kinship,"""42STR CE""",39,IBS,-13.5
2nd degree kinship,"""42STR CE""",37,IBS,-13.5
2nd degree kinship,"""42STR CE""",39,IBS,-13.5
2nd degree kinship,"""42STR CE""",38,IBS,-13.5
2nd degree kinship,"""42STR CE""",32,IBS,-13.5
2nd degree kinship,"""42STR CE""",36,IBS,-13.5
2nd degree kinship,"""42STR CE""",36,IBS,-13.5
2nd degree kinship,"""42STR CE""",33,IBS,-13.5
2nd degree kinship,"""42STR CE""",38,IBS,-13.5
2nd degree kinship,"""42STR CE""",32,IBS,-13.5
2nd degree kinship,"""42STR CE""",36,IBS,-13.5
2nd degree kinship,"""42STR CE""",36,IBS,-13.5
2nd degree kinship,"""42STR CE""",36,IBS,-13.5
2nd degree kinship,"""42STR CE""",36,IBS,-13.5
2nd degree kinship,"""42STR CE""",38,IBS,-13.5
2nd degree kinship,"""42STR CE""",37,IBS,-13.5
2nd degree kinship,"""42STR CE""",37,IBS,-13.5
2nd degree kinship,"""42STR CE""",40,IBS,-13.5
2nd degree kinship,"""42STR CE""",38,IBS,-13.5
2nd degree kinship,"""42STR CE""",37,IBS,-13.5
2nd degree kinship,"""42STR CE""",32,IBS,-13.5
2nd degree kinship,"""42STR CE""",38,IBS,-13.5
2nd degree kinship,"""42STR CE""",39,IBS,-13.5
2nd degree kinship,"""42STR CE""",37,IBS,-13.5
2nd degree kinship,"""42STR CE""",38,IBS,-13.5
2nd degree kinship,"""42STR CE""",34,IBS,-13.5
2nd degree kinship,"""42STR CE""",37,IBS,-13.5
2nd degree kinship,"""42STR CE""",40,IBS,-13.5
2nd degree kinship,"""42STR CE""",34,IBS,-13.5
2nd degree kinship,"""42STR CE""",35,IBS,-13.5
2nd degree kinship,"""42STR CE""",39,IBS,-13.5
2nd degree kinship,"""42STR CE""",36,IBS,-13.5
2nd degree kinship,"""42STR CE""",32,IBS,-13.5
2nd degree kinship,"""42STR CE""",34,IBS,-13.5
2nd degree kinship,"""42STR CE""",29,IBS,-13.5
2nd degree kinship,"""42STR CE""",38,IBS,-13.5
2nd degree kinship,"""42STR CE""",40,IBS,-13.5
2nd degree kinship,"""42STR CE""",36,IBS,-13.5
2nd degree kinship,"""42STR CE""",38,IBS,-13.5
2nd degree kinship,"""42STR CE""",39,IBS,-13.5
2nd degree kinship,"""42STR CE""",40,IBS,-13.5
2nd degree kinship,"""42STR CE""",31,IBS,-13.5
2nd degree kinship,"""42STR CE""",34,IBS,-13.5
2nd degree kinship,"""42STR CE""",34,IBS,-13.5
2nd degree kinship,"""42STR CE""",40,IBS,-13.5
2nd degree kinship,"""42STR CE""",41,IBS,-13.5
2nd degree kinship,"""42STR CE""",39,IBS,-13.5
2nd degree kinship,"""42STR CE""",34,IBS,-13.5
2nd degree kinship,"""42STR CE""",36,IBS,-13.5
2nd degree kinship,"""42STR CE""",36,IBS,-13.5
2nd degree kinship,"""42STR CE""",32,IBS,-13.5
2nd degree kinship,"""42STR CE""",40,IBS,-13.5
2nd degree kinship,"""42STR CE""",34,IBS,-13.5
2nd degree kinship,"""42STR CE""",41,IBS,-13.5
2nd degree kinship,"""42STR CE""",36,IBS,-13.5
2nd degree kinship,"""42STR CE""",39,IBS,-13.5
2nd degree kinship,"""42STR CE""",31,IBS,-13.5
2nd degree kinship,"""42STR CE""",30,IBS,-13.5
2nd degree kinship,"""42STR CE""",28,IBS,-13.5
2nd degree kinship,"""42STR CE""",42,IBS,-13.5
2nd degree kinship,"""42STR CE""",34,IBS,-13.5
2nd degree kinship,"""42STR CE""",37,IBS,-13.5
2nd degree kinship,"""42STR CE""",38,IBS,-13.5
2nd degree kinship,"""42STR CE""",40,IBS,-13.5
2nd degree kinship,"""42STR CE""",40,IBS,-13.5
2nd degree kinship,"""42STR CE""",41,IBS,-13.5
2nd degree kinship,"""42STR CE""",38,IBS,-13.5
2nd degree kinship,"""42STR CE""",40,IBS,-13.5
2nd degree kinship,"""42STR CE""",43,IBS,-13.5
2nd degree kinship,"""42STR CE""",41,IBS,-13.5
2nd degree kinship,"""42STR CE""",40,IBS,-13.5
unrelated,"""42STR CE""",29,IBS,-13.5
unrelated,"""42STR CE""",30,IBS,-13.5
unrelated,"""42STR CE""",28,IBS,-13.5
unrelated,"""42STR CE""",31,IBS,-13.5
unrelated,"""42STR CE""",28,IBS,-13.5
unrelated,"""42STR CE""",26,IBS,-13.5
unrelated,"""42STR CE""",27,IBS,-13.5
unrelated,"""42STR CE""",24,IBS,-13.5
unrelated,"""42STR CE""",27,IBS,-13.5
unrelated,"""42STR CE""",29,IBS,-13.5
unrelated,"""42STR CE""",30,IBS,-13.5
unrelated,"""42STR CE""",34,IBS,-13.5
unrelated,"""42STR CE""",23,IBS,-13.5
unrelated,"""42STR CE""",26,IBS,-13.5
unrelated,"""42STR CE""",27,IBS,-13.5
unrelated,"""42STR CE""",29,IBS,-13.5
unrelated,"""42STR CE""",21,IBS,-13.5
unrelated,"""42STR CE""",24,IBS,-13.5
unrelated,"""42STR CE""",31,IBS,-13.5
unrelated,"""42STR CE""",28,IBS,-13.5
unrelated,"""42STR CE""",34,IBS,-13.5
unrelated,"""42STR CE""",27,IBS,-13.5
unrelated,"""42STR CE""",26,IBS,-13.5
unrelated,"""42STR CE""",33,IBS,-13.5
unrelated,"""42STR CE""",33,IBS,-13.5
unrelated,"""42STR CE""",26,IBS,-13.5
unrelated,"""42STR CE""",25,IBS,-13.5
unrelated,"""42STR CE""",23,IBS,-13.5
unrelated,"""42STR CE""",31,IBS,-13.5
unrelated,"""42STR CE""",23,IBS,-13.5
unrelated,"""42STR CE""",27,IBS,-13.5
unrelated,"""42STR CE""",29,IBS,-13.5
unrelated,"""42STR CE""",31,IBS,-13.5
unrelated,"""42STR CE""",28,IBS,-13.5
unrelated,"""42STR CE""",26,IBS,-13.5
unrelated,"""42STR CE""",26,IBS,-13.5
unrelated,"""42STR CE""",25,IBS,-13.5
unrelated,"""42STR CE""",28,IBS,-13.5
unrelated,"""42STR CE""",26,IBS,-13.5
unrelated,"""42STR CE""",26,IBS,-13.5
unrelated,"""42STR CE""",29,IBS,-13.5
unrelated,"""42STR CE""",29,IBS,-13.5
unrelated,"""42STR CE""",23,IBS,-13.5
unrelated,"""42STR CE""",22,IBS,-13.5
unrelated,"""42STR CE""",24,IBS,-13.5
unrelated,"""42STR CE""",27,IBS,-13.5
unrelated,"""42STR CE""",26,IBS,-13.5
unrelated,"""42STR CE""",27,IBS,-13.5
unrelated,"""42STR CE""",33,IBS,-13.5
unrelated,"""42STR CE""",31,IBS,-13.5
unrelated,"""42STR CE""",29,IBS,-13.5
unrelated,"""42STR CE""",30,IBS,-13.5
unrelated,"""42STR CE""",27,IBS,-13.5
unrelated,"""42STR CE""",25,IBS,-13.5
unrelated,"""42STR CE""",29,IBS,-13.5
unrelated,"""42STR CE""",27,IBS,-13.5
unrelated,"""42STR CE""",29,IBS,-13.5
unrelated,"""42STR CE""",33,IBS,-13.5
unrelated,"""42STR CE""",28,IBS,-13.5
unrelated,"""42STR CE""",23,IBS,-13.5
unrelated,"""42STR CE""",30,IBS,-13.5
unrelated,"""42STR CE""",32,IBS,-13.5
unrelated,"""42STR CE""",30,IBS,-13.5
unrelated,"""42STR CE""",25,IBS,-13.5
unrelated,"""42STR CE""",24,IBS,-13.5
unrelated,"""42STR CE""",21,IBS,-13.5
unrelated,"""42STR CE""",26,IBS,-13.5
unrelated,"""42STR CE""",26,IBS,-13.5
unrelated,"""42STR CE""",22,IBS,-13.5
unrelated,"""42STR CE""",27,IBS,-13.5
unrelated,"""42STR CE""",32,IBS,-13.5
unrelated,"""42STR CE""",34,IBS,-13.5
unrelated,"""42STR CE""",28,IBS,-13.5
unrelated,"""42STR CE""",27,IBS,-13.5
unrelated,"""42STR CE""",24,IBS,-13.5
unrelated,"""42STR CE""",25,IBS,-13.5
unrelated,"""42STR CE""",26,IBS,-13.5
unrelated,"""42STR CE""",24,IBS,-13.5
unrelated,"""42STR CE""",25,IBS,-13.5
unrelated,"""42STR CE""",30,IBS,-13.5
unrelated,"""42STR CE""",34,IBS,-13.5
unrelated,"""42STR CE""",32,IBS,-13.5
unrelated,"""42STR CE""",22,IBS,-13.5
unrelated,"""42STR CE""",22,IBS,-13.5
unrelated,"""42STR CE""",31,IBS,-13.5
unrelated,"""42STR CE""",29,IBS,-13.5
unrelated,"""42STR CE""",31,IBS,-13.5
unrelated,"""42STR CE""",21,IBS,-13.5
unrelated,"""42STR CE""",26,IBS,-13.5
unrelated,"""42STR CE""",31,IBS,-13.5
unrelated,"""42STR CE""",22,IBS,-13.5
unrelated,"""42STR CE""",23,IBS,-13.5
unrelated,"""42STR CE""",27,IBS,-13.5
unrelated,"""42STR CE""",23,IBS,-13.5
unrelated,"""42STR CE""",22,IBS,-13.5
unrelated,"""42STR CE""",27,IBS,-13.5
unrelated,"""42STR CE""",27,IBS,-13.5
unrelated,"""42STR CE""",25,IBS,-13.5
unrelated,"""42STR CE""",22,IBS,-13.5
unrelated,"""42STR CE""",23,IBS,-13.5
unrelated,"""42STR CE""",19,IBS,-13.5
unrelated,"""42STR CE""",25,IBS,-13.5
unrelated,"""42STR CE""",20,IBS,-13.5
unrelated,"""42STR CE""",34,IBS,-13.5
unrelated,"""42STR CE""",28,IBS,-13.5
unrelated,"""42STR CE""",28,IBS,-13.5
unrelated,"""42STR CE""",31,IBS,-13.5
unrelated,"""42STR CE""",27,IBS,-13.5
unrelated,"""42STR CE""",19,IBS,-13.5
unrelated,"""42STR CE""",24,IBS,-13.5
unrelated,"""42STR CE""",20,IBS,-13.5
unrelated,"""42STR CE""",25,IBS,-13.5
unrelated,"""42STR CE""",21,IBS,-13.5
unrelated,"""42STR CE""",22,IBS,-13.5
unrelated,"""42STR CE""",29,IBS,-13.5
unrelated,"""42STR CE""",23,IBS,-13.5
unrelated,"""42STR CE""",25,IBS,-13.5
unrelated,"""42STR CE""",24,IBS,-13.5
unrelated,"""42STR CE""",22,IBS,-13.5
unrelated,"""42STR CE""",19,IBS,-13.5
unrelated,"""42STR CE""",28,IBS,-13.5
unrelated,"""42STR CE""",35,IBS,-13.5
unrelated,"""42STR CE""",31,IBS,-13.5
unrelated,"""42STR CE""",22,IBS,-13.5
unrelated,"""42STR CE""",20,IBS,-13.5
unrelated,"""42STR CE""",27,IBS,-13.5
2nd degree kinship,"""42STR NGS""",34,IBS,-13.5
2nd degree kinship,"""42STR NGS""",35,IBS,-13.5
2nd degree kinship,"""42STR NGS""",27,IBS,-13.5
2nd degree kinship,"""42STR NGS""",31,IBS,-13.5
2nd degree kinship,"""42STR NGS""",28,IBS,-13.5
2nd degree kinship,"""42STR NGS""",31,IBS,-13.5
2nd degree kinship,"""42STR NGS""",32,IBS,-13.5
2nd degree kinship,"""42STR NGS""",29,IBS,-13.5
2nd degree kinship,"""42STR NGS""",39,IBS,-13.5
2nd degree kinship,"""42STR NGS""",29,IBS,-13.5
2nd degree kinship,"""42STR NGS""",38,IBS,-13.5
2nd degree kinship,"""42STR NGS""",28,IBS,-13.5
2nd degree kinship,"""42STR NGS""",37,IBS,-13.5
2nd degree kinship,"""42STR NGS""",29,IBS,-13.5
2nd degree kinship,"""42STR NGS""",33,IBS,-13.5
2nd degree kinship,"""42STR NGS""",32,IBS,-13.5
2nd degree kinship,"""42STR NGS""",29,IBS,-13.5
2nd degree kinship,"""42STR NGS""",30,IBS,-13.5
2nd degree kinship,"""42STR NGS""",36,IBS,-13.5
2nd degree kinship,"""42STR NGS""",30,IBS,-13.5
2nd degree kinship,"""42STR NGS""",30,IBS,-13.5
2nd degree kinship,"""42STR NGS""",37,IBS,-13.5
2nd degree kinship,"""42STR NGS""",28,IBS,-13.5
2nd degree kinship,"""42STR NGS""",33,IBS,-13.5
2nd degree kinship,"""42STR NGS""",32,IBS,-13.5
2nd degree kinship,"""42STR NGS""",35,IBS,-13.5
2nd degree kinship,"""42STR NGS""",30,IBS,-13.5
2nd degree kinship,"""42STR NGS""",34,IBS,-13.5
2nd degree kinship,"""42STR NGS""",33,IBS,-13.5
2nd degree kinship,"""42STR NGS""",33,IBS,-13.5
2nd degree kinship,"""42STR NGS""",32,IBS,-13.5
2nd degree kinship,"""42STR NGS""",26,IBS,-13.5
2nd degree kinship,"""42STR NGS""",30,IBS,-13.5
2nd degree kinship,"""42STR NGS""",39,IBS,-13.5
2nd degree kinship,"""42STR NGS""",35,IBS,-13.5
2nd degree kinship,"""42STR NGS""",36,IBS,-13.5
2nd degree kinship,"""42STR NGS""",35,IBS,-13.5
2nd degree kinship,"""42STR NGS""",38,IBS,-13.5
2nd degree kinship,"""42STR NGS""",34,IBS,-13.5
2nd degree kinship,"""42STR NGS""",32,IBS,-13.5
2nd degree kinship,"""42STR NGS""",30,IBS,-13.5
2nd degree kinship,"""42STR NGS""",37,IBS,-13.5
2nd degree kinship,"""42STR NGS""",36,IBS,-13.5
2nd degree kinship,"""42STR NGS""",34,IBS,-13.5
2nd degree kinship,"""42STR NGS""",34,IBS,-13.5
2nd degree kinship,"""42STR NGS""",32,IBS,-13.5
2nd degree kinship,"""42STR NGS""",34,IBS,-13.5
2nd degree kinship,"""42STR NGS""",30,IBS,-13.5
2nd degree kinship,"""42STR NGS""",20,IBS,-13.5
2nd degree kinship,"""42STR NGS""",36,IBS,-13.5
2nd degree kinship,"""42STR NGS""",34,IBS,-13.5
2nd degree kinship,"""42STR NGS""",29,IBS,-13.5
2nd degree kinship,"""42STR NGS""",37,IBS,-13.5
2nd degree kinship,"""42STR NGS""",40,IBS,-13.5
2nd degree kinship,"""42STR NGS""",29,IBS,-13.5
2nd degree kinship,"""42STR NGS""",30,IBS,-13.5
2nd degree kinship,"""42STR NGS""",34,IBS,-13.5
2nd degree kinship,"""42STR NGS""",36,IBS,-13.5
2nd degree kinship,"""42STR NGS""",34,IBS,-13.5
2nd degree kinship,"""42STR NGS""",29,IBS,-13.5
2nd degree kinship,"""42STR NGS""",33,IBS,-13.5
2nd degree kinship,"""42STR NGS""",32,IBS,-13.5
2nd degree kinship,"""42STR NGS""",30,IBS,-13.5
2nd degree kinship,"""42STR NGS""",35,IBS,-13.5
2nd degree kinship,"""42STR NGS""",29,IBS,-13.5
2nd degree kinship,"""42STR NGS""",29,IBS,-13.5
2nd degree kinship,"""42STR NGS""",28,IBS,-13.5
2nd degree kinship,"""42STR NGS""",32,IBS,-13.5
2nd degree kinship,"""42STR NGS""",31,IBS,-13.5
2nd degree kinship,"""42STR NGS""",31,IBS,-13.5
2nd degree kinship,"""42STR NGS""",32,IBS,-13.5
2nd degree kinship,"""42STR NGS""",32,IBS,-13.5
2nd degree kinship,"""42STR NGS""",35,IBS,-13.5
2nd degree kinship,"""42STR NGS""",34,IBS,-13.5
2nd degree kinship,"""42STR NGS""",32,IBS,-13.5
2nd degree kinship,"""42STR NGS""",29,IBS,-13.5
2nd degree kinship,"""42STR NGS""",35,IBS,-13.5
2nd degree kinship,"""42STR NGS""",37,IBS,-13.5
2nd degree kinship,"""42STR NGS""",30,IBS,-13.5
2nd degree kinship,"""42STR NGS""",32,IBS,-13.5
2nd degree kinship,"""42STR NGS""",29,IBS,-13.5
2nd degree kinship,"""42STR NGS""",33,IBS,-13.5
2nd degree kinship,"""42STR NGS""",36,IBS,-13.5
2nd degree kinship,"""42STR NGS""",28,IBS,-13.5
2nd degree kinship,"""42STR NGS""",32,IBS,-13.5
2nd degree kinship,"""42STR NGS""",33,IBS,-13.5
2nd degree kinship,"""42STR NGS""",33,IBS,-13.5
2nd degree kinship,"""42STR NGS""",29,IBS,-13.5
2nd degree kinship,"""42STR NGS""",31,IBS,-13.5
2nd degree kinship,"""42STR NGS""",25,IBS,-13.5
2nd degree kinship,"""42STR NGS""",34,IBS,-13.5
2nd degree kinship,"""42STR NGS""",36,IBS,-13.5
2nd degree kinship,"""42STR NGS""",32,IBS,-13.5
2nd degree kinship,"""42STR NGS""",35,IBS,-13.5
2nd degree kinship,"""42STR NGS""",37,IBS,-13.5
2nd degree kinship,"""42STR NGS""",37,IBS,-13.5
2nd degree kinship,"""42STR NGS""",27,IBS,-13.5
2nd degree kinship,"""42STR NGS""",29,IBS,-13.5
2nd degree kinship,"""42STR NGS""",31,IBS,-13.5
2nd degree kinship,"""42STR NGS""",35,IBS,-13.5
2nd degree kinship,"""42STR NGS""",36,IBS,-13.5
2nd degree kinship,"""42STR NGS""",33,IBS,-13.5
2nd degree kinship,"""42STR NGS""",29,IBS,-13.5
2nd degree kinship,"""42STR NGS""",29,IBS,-13.5
2nd degree kinship,"""42STR NGS""",31,IBS,-13.5
2nd degree kinship,"""42STR NGS""",27,IBS,-13.5
2nd degree kinship,"""42STR NGS""",36,IBS,-13.5
2nd degree kinship,"""42STR NGS""",29,IBS,-13.5
2nd degree kinship,"""42STR NGS""",35,IBS,-13.5
2nd degree kinship,"""42STR NGS""",31,IBS,-13.5
2nd degree kinship,"""42STR NGS""",34,IBS,-13.5
2nd degree kinship,"""42STR NGS""",28,IBS,-13.5
2nd degree kinship,"""42STR NGS""",27,IBS,-13.5
2nd degree kinship,"""42STR NGS""",26,IBS,-13.5
2nd degree kinship,"""42STR NGS""",36,IBS,-13.5
2nd degree kinship,"""42STR NGS""",30,IBS,-13.5
2nd degree kinship,"""42STR NGS""",32,IBS,-13.5
2nd degree kinship,"""42STR NGS""",33,IBS,-13.5
2nd degree kinship,"""42STR NGS""",37,IBS,-13.5
2nd degree kinship,"""42STR NGS""",34,IBS,-13.5
2nd degree kinship,"""42STR NGS""",36,IBS,-13.5
2nd degree kinship,"""42STR NGS""",33,IBS,-13.5
2nd degree kinship,"""42STR NGS""",34,IBS,-13.5
2nd degree kinship,"""42STR NGS""",37,IBS,-13.5
2nd degree kinship,"""42STR NGS""",35,IBS,-13.5
2nd degree kinship,"""42STR NGS""",34,IBS,-13.5
unrelated,"""42STR NGS""",22,IBS,-13.5
unrelated,"""42STR NGS""",26,IBS,-13.5
unrelated,"""42STR NGS""",24,IBS,-13.5
unrelated,"""42STR NGS""",25,IBS,-13.5
unrelated,"""42STR NGS""",23,IBS,-13.5
unrelated,"""42STR NGS""",22,IBS,-13.5
unrelated,"""42STR NGS""",23,IBS,-13.5
unrelated,"""42STR NGS""",16,IBS,-13.5
unrelated,"""42STR NGS""",23,IBS,-13.5
unrelated,"""42STR NGS""",23,IBS,-13.5
unrelated,"""42STR NGS""",26,IBS,-13.5
unrelated,"""42STR NGS""",26,IBS,-13.5
unrelated,"""42STR NGS""",16,IBS,-13.5
unrelated,"""42STR NGS""",21,IBS,-13.5
unrelated,"""42STR NGS""",21,IBS,-13.5
unrelated,"""42STR NGS""",24,IBS,-13.5
unrelated,"""42STR NGS""",15,IBS,-13.5
unrelated,"""42STR NGS""",18,IBS,-13.5
unrelated,"""42STR NGS""",25,IBS,-13.5
unrelated,"""42STR NGS""",24,IBS,-13.5
unrelated,"""42STR NGS""",26,IBS,-13.5
unrelated,"""42STR NGS""",21,IBS,-13.5
unrelated,"""42STR NGS""",22,IBS,-13.5
unrelated,"""42STR NGS""",25,IBS,-13.5
unrelated,"""42STR NGS""",30,IBS,-13.5
unrelated,"""42STR NGS""",23,IBS,-13.5
unrelated,"""42STR NGS""",22,IBS,-13.5
unrelated,"""42STR NGS""",14,IBS,-13.5
unrelated,"""42STR NGS""",25,IBS,-13.5
unrelated,"""42STR NGS""",16,IBS,-13.5
unrelated,"""42STR NGS""",21,IBS,-13.5
unrelated,"""42STR NGS""",22,IBS,-13.5
unrelated,"""42STR NGS""",24,IBS,-13.5
unrelated,"""42STR NGS""",20,IBS,-13.5
unrelated,"""42STR NGS""",20,IBS,-13.5
unrelated,"""42STR NGS""",21,IBS,-13.5
unrelated,"""42STR NGS""",17,IBS,-13.5
unrelated,"""42STR NGS""",23,IBS,-13.5
unrelated,"""42STR NGS""",21,IBS,-13.5
unrelated,"""42STR NGS""",22,IBS,-13.5
unrelated,"""42STR NGS""",22,IBS,-13.5
unrelated,"""42STR NGS""",23,IBS,-13.5
unrelated,"""42STR NGS""",20,IBS,-13.5
unrelated,"""42STR NGS""",17,IBS,-13.5
unrelated,"""42STR NGS""",20,IBS,-13.5
unrelated,"""42STR NGS""",20,IBS,-13.5
unrelated,"""42STR NGS""",22,IBS,-13.5
unrelated,"""42STR NGS""",21,IBS,-13.5
unrelated,"""42STR NGS""",25,IBS,-13.5
unrelated,"""42STR NGS""",24,IBS,-13.5
unrelated,"""42STR NGS""",23,IBS,-13.5
unrelated,"""42STR NGS""",23,IBS,-13.5
unrelated,"""42STR NGS""",26,IBS,-13.5
unrelated,"""42STR NGS""",22,IBS,-13.5
unrelated,"""42STR NGS""",25,IBS,-13.5
unrelated,"""42STR NGS""",23,IBS,-13.5
unrelated,"""42STR NGS""",24,IBS,-13.5
unrelated,"""42STR NGS""",30,IBS,-13.5
unrelated,"""42STR NGS""",20,IBS,-13.5
unrelated,"""42STR NGS""",20,IBS,-13.5
unrelated,"""42STR NGS""",23,IBS,-13.5
unrelated,"""42STR NGS""",28,IBS,-13.5
unrelated,"""42STR NGS""",25,IBS,-13.5
unrelated,"""42STR NGS""",20,IBS,-13.5
unrelated,"""42STR NGS""",16,IBS,-13.5
unrelated,"""42STR NGS""",15,IBS,-13.5
unrelated,"""42STR NGS""",23,IBS,-13.5
unrelated,"""42STR NGS""",20,IBS,-13.5
unrelated,"""42STR NGS""",17,IBS,-13.5
unrelated,"""42STR NGS""",26,IBS,-13.5
unrelated,"""42STR NGS""",28,IBS,-13.5
unrelated,"""42STR NGS""",27,IBS,-13.5
unrelated,"""42STR NGS""",22,IBS,-13.5
unrelated,"""42STR NGS""",23,IBS,-13.5
unrelated,"""42STR NGS""",18,IBS,-13.5
unrelated,"""42STR NGS""",22,IBS,-13.5
unrelated,"""42STR NGS""",21,IBS,-13.5
unrelated,"""42STR NGS""",20,IBS,-13.5
unrelated,"""42STR NGS""",22,IBS,-13.5
unrelated,"""42STR NGS""",25,IBS,-13.5
unrelated,"""42STR NGS""",27,IBS,-13.5
unrelated,"""42STR NGS""",25,IBS,-13.5
unrelated,"""42STR NGS""",16,IBS,-13.5
unrelated,"""42STR NGS""",16,IBS,-13.5
unrelated,"""42STR NGS""",28,IBS,-13.5
unrelated,"""42STR NGS""",24,IBS,-13.5
unrelated,"""42STR NGS""",26,IBS,-13.5
unrelated,"""42STR NGS""",18,IBS,-13.5
unrelated,"""42STR NGS""",21,IBS,-13.5
unrelated,"""42STR NGS""",27,IBS,-13.5
unrelated,"""42STR NGS""",16,IBS,-13.5
unrelated,"""42STR NGS""",21,IBS,-13.5
unrelated,"""42STR NGS""",21,IBS,-13.5
unrelated,"""42STR NGS""",20,IBS,-13.5
unrelated,"""42STR NGS""",20,IBS,-13.5
unrelated,"""42STR NGS""",20,IBS,-13.5
unrelated,"""42STR NGS""",24,IBS,-13.5
unrelated,"""42STR NGS""",21,IBS,-13.5
unrelated,"""42STR NGS""",16,IBS,-13.5
unrelated,"""42STR NGS""",21,IBS,-13.5
unrelated,"""42STR NGS""",14,IBS,-13.5
unrelated,"""42STR NGS""",21,IBS,-13.5
unrelated,"""42STR NGS""",17,IBS,-13.5
unrelated,"""42STR NGS""",28,IBS,-13.5
unrelated,"""42STR NGS""",23,IBS,-13.5
unrelated,"""42STR NGS""",21,IBS,-13.5
unrelated,"""42STR NGS""",28,IBS,-13.5
unrelated,"""42STR NGS""",21,IBS,-13.5
unrelated,"""42STR NGS""",14,IBS,-13.5
unrelated,"""42STR NGS""",16,IBS,-13.5
unrelated,"""42STR NGS""",17,IBS,-13.5
unrelated,"""42STR NGS""",19,IBS,-13.5
unrelated,"""42STR NGS""",19,IBS,-13.5
unrelated,"""42STR NGS""",17,IBS,-13.5
unrelated,"""42STR NGS""",24,IBS,-13.5
unrelated,"""42STR NGS""",20,IBS,-13.5
unrelated,"""42STR NGS""",21,IBS,-13.5
unrelated,"""42STR NGS""",16,IBS,-13.5
unrelated,"""42STR NGS""",18,IBS,-13.5
unrelated,"""42STR NGS""",14,IBS,-13.5
unrelated,"""42STR NGS""",21,IBS,-13.5
unrelated,"""42STR NGS""",28,IBS,-13.5
unrelated,"""42STR NGS""",26,IBS,-13.5
unrelated,"""42STR NGS""",20,IBS,-13.5
unrelated,"""42STR NGS""",17,IBS,-13.5
unrelated,"""42STR NGS""",17,IBS,-13.5
